Tech Platform,Publication Date,Link,Country,Product Type
Alphabet,01/08/08,https://blog.youtube/news-and-events/on-to-new-hampshire/,United States,Blog
Alphabet,01/16/08,https://blog.youtube/news-and-events/amid-violence-kenyans-connect-on/,Kenya,Blog
Alphabet,03/02/08,https://blog.youtube/news-and-events/you-choose-new-features/,United States,Product
Alphabet,03/04/08,https://blog.youtube/news-and-events/march-4th-madness/,United States,Blog
Alphabet,04/07/08,https://blog.youtube/news-and-events/you-choose-voter-video-in-pa/,United States,Product
Alphabet,07/11/08,https://blog.youtube/news-and-events/you-choose-political-conventions/,United States,Product
Alphabet,10/01/08,https://blog.youtube/news-and-events/register-to-vote-deadlines-coming-fast/,United States,Product
Alphabet,10/03/08,https://blog.youtube/news-and-events/register-to-vote-deadlines-looming/,United States,Marketing Material
Alphabet,10/13/08,https://blog.youtube/news-and-events/invitation-to-video-your-vote-10/,United States,Marketing Material
Alphabet,10/15/08,https://blog.youtube/news-and-events/youtube-pbs-ask-americans-to-your-vote/,United States,Marketing Material
Alphabet,10/21/08,https://blog.youtube/news-and-events/t-minus-two-weeks-election-day/,United States,Blog
Alphabet,11/04/08,https://blog.youtube/news-and-events/video-your-vote-and-then-watch-election/,United States,Marketing Material
Alphabet,01/22/09,https://blog.youtube/news-and-events/israeli-citizens-ask-questions-of-prime/,Israel,News
Alphabet,04/16/09,https://blog.youtube/news-and-events/biggest-display-of-democracy-in-world/,India,Product
Alphabet,06/04/09,https://blog.youtube/news-and-events/new-model-for-political-interviews-and_04/,United States,Product
Alphabet,08/23/10,https://blog.youtube/news-and-events/heating-up-2010-midterm-elections-with/,United States,Product
Alphabet,09/26/10,https://blog.youtube/news-and-events/50-years-after-nixon-v-kennedy-new-kind/,United States,Product
Alphabet,11/01/10,https://blog.youtube/news-and-events/2010-election-on-youtube-by-numbers_01/,United States,Marketing Material
Alphabet,11/02/10,https://blog.youtube/culture-and-trends/election-results-and-trends-live-on/,Not Specified,Product
Alphabet,10/05/11,https://blog.youtube/news-and-events/youtubecompolitics-tracking-2012/,Not Specified,Product
Alphabet,03/06/12,https://blog.youtube/news-and-events/super-tuesday-coverage-live-and-from/,United States,Product
Alphabet,03/29/12,https://blog.youtube/news-and-events/follow-burma-elections-on-youtube_29/,Myanmar,Blog
Alphabet,03/29/12,https://politics.googleblog.com/2012/03/four-screens-to-victory.html,Not Specified,Blog
Alphabet,07/28/12,https://blog.youtube/news-and-events/how-november-will-be-won-by-numbers/,Not Specified,Product
Alphabet,08/22/12,https://blog.youtube/news-and-events/the-us-election-live-on-youtube/,United States,Blog
Alphabet,08/28/12,https://blog.youtube/news-and-events/watch-republican-and-democratic/,United States,Blog
Alphabet,09/25/12,https://blog.youtube/news-and-events/make-voting-go-viral/,United States,Blog
Alphabet,10/01/12,https://blog.youtube/news-and-events/the-2012-presidential-and-vice/,United States,Blog
Alphabet,10/11/12,https://blog.youtube/news-and-events/the-2012-vice-presidential-debate/,United States,Marketing Material
Alphabet,10/22/12,https://blog.youtube/news-and-events/watch-final-debate-moments-unfold-live/,United States,Marketing Material
Alphabet,10/23/12,https://blog.youtube/news-and-events/the-election-seen-around-world-on/,United States,Marketing Material
Alphabet,11/05/12,https://blog.youtube/news-and-events/documenting-your-vote-send-us-your/,United States,Marketing Material
Alphabet,04/28/15,https://politics.googleblog.com/2015/04/the-united-kingdoms-2015-general.html,United Kingdom,Marketing Material
Alphabet,06/18/15,https://politics.googleblog.com/2015/06/welcome-to-2016-election-trend-tracker.html,United States,Blog
Alphabet,09/21/15,https://blog.google/intl/en-ca/products/explore-get-answers/pledgetovote/,Canada,Marketing Material
Alphabet,10/18/15,https://politics.googleblog.com/2015/10/planning-election-day-with-google-in-4.html,Canada,Blog
Alphabet,11/12/15,https://politics.googleblog.com/2015/11/win-moments-that-matter-with-google.html,Not Specified,Blog
Alphabet,12/16/15,https://blog.youtube/news-and-events/youtube-and-nbc-news-present-democratic/,United States,Marketing Material
Alphabet,01/16/16,https://blog.youtube/news-and-events/youtube-creators-live-from-tomorrows/,United States,Blog
Alphabet,01/21/16,https://blog.google/products/search/google-and-fox-news-channel-present/,United States,Marketing Material
Alphabet,07/08/16,https://blog.google/products/search/how-veepstakes-is-playing-out-on-google_42/,United States,Blog
Alphabet,07/14/16,https://blog.youtube/news-and-events/watch-conventions-live-on-youtube/,United States,Marketing Material
Alphabet,08/05/16,https://blog.google/products/youtube/the-2016-conventions-on-google-and_99/,United States,Blog
Alphabet,08/16/16,https://blog.google/products/search/your-vote-counts/,United States,Marketing Material
Alphabet,09/21/16,https://blog.youtube/news-and-events/voting-matters-now-register-youtube/,United States,Marketing Material
Alphabet,09/26/16,https://blog.youtube/news-and-events/watch-tonights-presidential-live-stream/,United States,Marketing Material
Alphabet,09/26/16,https://blog.google/products/search/iregistered-vote-have-you/,United States,Marketing Material
Alphabet,10/07/16,https://blog.youtube/news-and-events/tune-into-second-presidential-debate/,United States,Marketing Material
Alphabet,10/20/16,https://blog.youtube/news-and-events/the-three-2016-us-presidential-debates/,United States,Blog
Alphabet,10/31/16,https://blog.youtube/news-and-events/us-election-results-live-on-youtube/,United States,Marketing Material
Alphabet,11/07/16,https://blog.youtube/news-and-events/google-and-youtube-can-help-keep-you_42/,United States,Marketing Material
Alphabet,11/07/16,https://blog.google/products/search/google-and-youtube-can-help-keep-you-informed-election-day/,United States,Marketing Material
Alphabet,01/13/17,https://blog.youtube/news-and-events/presidential-inauguration-live-on/,United States,Marketing Material
Alphabet,05/04/18,https://blog.google/outreach-initiatives/public-policy/supporting-election-integrity-through-greater-advertising-transparency/,United States,Blog
Alphabet,08/24/18,https://www.blog.google/outreach-initiatives/google-news-initiative/elections-roadshow-supporting-journalists-midterm-reporting/,United States,Marketing Material
Alphabet,11/06/18,https://blog.youtube/news-and-events/election-day-live-on-youtube/,United States,Marketing Material
Alphabet,01/29/19,https://www.blog.google/around-the-globe/google-europe/update-our-work-prevent-abuse-ahead-eu-elections/,EU,Marketing Material
Alphabet,11/20/19,https://www.blog.google/technology/ads/update-our-political-ads-policy/,Not Specified,Blog
Alphabet,02/03/20,https://blog.youtube/news-and-events/how-youtube-supports-elections/,United States,News
Alphabet,02/03/20,https://blog.google/technology/safety-security/supporting-2020-us-election/,United States,News
Alphabet,02/04/20,https://blog.youtube/news-and-events/state-of-union-2020-live-on-youtube/,United States,Blog
Alphabet,08/13/20,https://blog.youtube/news-and-events/an-update-on-how-youtube-supports-elections/,Not Specified,Marketing Material
Alphabet,08/13/20,https://blog.google/outreach-initiatives/civics/update-our-2020-us-election-efforts/,United States,Marketing Material
Alphabet,08/19/20,https://blog.google/outreach-initiatives/civics/google-play-helping-safeguard-elections/,Not Specified,Marketing Material
Alphabet,09/01/20,https://support.google.com/adspolicy/answer/9991623,Not Specified,Marketing Material
Alphabet,09/22/20,https://www.google.com/doodles/us-voter-registration-day-2020,United States,Marketing Material
Alphabet,09/24/20,https://blog.youtube/news-and-events/authoritative-voting-information-on-youtube/,Not Specified,Product
Alphabet,10/16/20,https://blog.google/products/search/find-voting-and-ballot-drop-box-locations-google/,United States,Product
Alphabet,10/27/20,https://blog.youtube/news-and-events/our-approach-to-election-day-on-youtube/,United States,Marketing Material
Alphabet,10/27/20,https://blog.google/outreach-initiatives/civics/following-2020-us-election-google/,United States,Blog
Alphabet,10/28/20,https://blog.youtube/intl/pt-br/news-and-events/como-o-youtube-apoia-o-processo-eleitoral/,Brazil,Marketing Material
Alphabet,11/03/20,https://blog.youtube/news-and-events/election-day-2020-live-on-youtube/,United States,Blog
Alphabet,12/09/20,https://blog.youtube/news-and-events/supporting-the-2020-us-election/,United States,Marketing Material
Alphabet,12/09/20,https://blog.google/outreach-initiatives/civics/our-work-2020-us-election/,United States,Marketing Material
Alphabet,02/09/21,https://blog.google/technology/safety-security/furthering-our-support-election-security/,United States,Marketing Material
Alphabet,05/17/21,https://blog.google/intl/de-de/produkte/suchen-entdecken/wie-google-und-youtube-im-wahljahr-gegen-fehlinformationen-vorgehen/,Germany,Marketing Material
Alphabet,08/12/21,https://blog.google/intl/de-de/unternehmen/inside-google/massnahmen-bundestagswahl-2021/,Germany,Marketing Material
Alphabet,08/12/21,https://blog.youtube/intl/de-de/news-and-events/youtube-wie-wir-die-bundestagswahl-2021-begleiten/,Germany,Marketing Material
Alphabet,08/17/21,https://blog.google/intl/de-de/unternehmen/technologie/was-politisch-aktive-im-wahljahr-tun-konnen-um-sich-online-zu-schutzen/,Germany,Blog
Alphabet,08/18/21,https://blog.google/intl/en-ca/company-news/outreach-initiatives/how-were-supporting-2021-federal/,Canada,Marketing Material
Alphabet,08/25/21,https://blog.youtube/inside-youtube/tackling-misinfo/,United States,Marketing Material
Alphabet,09/23/21,https://blog.google/intl/de-de/unternehmen/engagement/massnahmen-zur-bundestagswahl-2021-google-youtube/,Germany,Marketing Material
Alphabet,02/17/22,https://blog.google/intl/en-au/company-news/outreach-initiatives/how-we-are-supporting-upcoming-australian-federal-election/,Australia,Marketing Material
Alphabet,03/22/22,https://blog.youtube/intl/pt-br/news-and-events/esforcos-do-youtube-eleicoes/,Brazil,Marketing Material
Alphabet,03/24/22,https://blog.google/outreach-initiatives/civics/how-were-supporting-the-2022-us-midterm-elections/,United States,Marketing Material
Alphabet,06/10/22,https://blog.google/intl/en-au/how-google-supported-the-federal-election-australia/,Australia,Blog
Alphabet,06/10/22,https://blog.google/outreach-initiatives/public-policy/google-at-the-copenhagen-democracy-summit/,Not Specified,Blog
Alphabet,,https://wahlen2021.withgoogle.com/,Germany,
Alphabet,,https://support.google.com/transparencyreport/answer/9575640,Not Specified,Help Center
Alphabet,,https://support.google.com/adspolicy/answer/6014595,Global,Help Center
Alphabet,,https://support.google.com/adspolicy/troubleshooter/9973345,Global,Help Center
Alphabet,,https://support.google.com/youtube/answer/10047535?hl=en,Not Specified,Help Center
Alphabet,09/14/21,https://support.google.com/youtube/answer/10835034?hl=en,Not Specified,Help Center
Alphabet,,https://protectyourelection.withgoogle.com/intl/en/,Not Specified,
Alphabet,,https://elections.google/,Not Specified,Marketing Material
Alphabet,,https://www.youtube.com/howyoutubeworks/our-commitments/supporting-political-integrity/,Not Specified,Marketing Material
Alphabet,,https://safety.google/intl/de_ALL/stories/sichere-wahlen/,Germany,Marketing Material
Amazon,09/09/08,https://press.aboutamazon.com/news-releases/news-release-details/reading-american-politics-amazoncom-launches-election-2008-store,United States,News
Amazon,08/21/12,https://press.aboutamazon.com/news-releases/news-release-details/amazoncom-books-announces-amazon-election-heat-map-2012/,United States,News
Amazon,10/31/18,https://www.aboutamazon.com/news/devices/alexa-whats-my-election-update,United States,Product
Amazon,11/13/18,https://press.aboutamazon.com/news-releases/news-release-details/amazon-web-services-open-data-centers-italy/,Italy,News
Amazon,09/21/20,https://www.aboutamazon.com/news/company-news/everything-you-need-to-know-to-vote,United States,Blog
Amazon,10/29/20,https://press.aboutamazon.com/news-releases/news-release-details/amazon-studios-teams-homeboy-industries-provide-meals-los,United States,News
Apple,06/25/18,https://www.apple.com/newsroom/2018/06/apple-news-launches-2018-midterm-elections-section/,United States,Blog
Apple,06/26/19,https://www.apple.com/newsroom/2019/06/apple-news-launches-candidate-guide-ahead-of-2020-democratic-debates/,United States,Marketing Material
Apple,12/16/19,https://www.apple.com/newsroom/2019/12/apple-news-teams-with-abc-news-for-2020-presidential-election-coverage/,United States,Marketing Material
Apple,02/03/20,https://www.apple.com/newsroom/2020/02/apple-news-launches-special-coverage-of-the-2020-presidential-election/,United States,Product
Burnout Paradise,10/14/08,https://www.wired.com/2008/10/obama-campaign/,United States,Blog
Discord,09/25/20,https://discord.com/blog/resources-for-exercising-your-right-to-vote,United States,Blog
Friendster,03/03/04,https://www.bloomberg.com/news/articles/2004-03-03/meet-john-kerry-on-friendster,United States,News
Friendster,09/13/12,https://www.theatlantic.com/technology/archive/2012/09/that-time-when-john-kerry-reached-out-to-voters-on-friendster/262333/,United States,News
Friendster,09/14/04,http://newsdesk.org/2004/09/14/if_friendsters/,United States,News
Hulu,10/07/20,https://press.hulu.com/news/2020/10/07/hulu-election-2020-live-election-coverage/,United States,News
Hulu,11/11/20,https://press.hulu.com/news/2020/11/11/election-2020-most-watched-event-on-hulu-live-tv/,United States,News
Hulu,05/10/22,https://www.gwinnettdailypost.com/u-s-rep-carolyn-bourdeaux-accuses-hulu-of-censorship-for-refusing-to-air-pro-choice/article_69dc29e0-d08c-11ec-9076-8f14427b1b94.html,United States,News
Hulu,07/27/22,https://www.axios.com/2022/07/27/disney-hulu-political-ads-democrats-abortion-guns,United States,News
Meetup,03/13/03,https://www.nytimes.com/2003/03/13/technology/like-online-dating-with-a-political-spin.html,United States,News
Meetup,03/27/03,https://www.mandatemedia.com/2003/03/27/howard-dean-meetupcom/,United States,News
Meetup,09/08/03,https://www.baltimoresun.com/news/bs-xpm-2003-09-09-0309090205-story.html,United States,News
Meetup,10/14/03,https://www.wsj.com/articles/SB106608136567347600,United States,News
Meetup,12/15/03,https://www.wsj.com/articles/SB107152572216133600,United States,News
Meetup,06/05/04,http://news.bbc.co.uk/2/hi/americas/3759989.stm,United Kingdom,News
Meetup,07/27/10,https://www.govtech.com/archive/the-dean-dream.html,United States,News
Meetup,12/01/07,https://www.latimes.com/archives/la-xpm-2007-dec-01-na-ronpaul1-story.html,United States,News
Meetup,10/22/08,https://www.npr.org/sections/vox-politics/2008/10/election_night_blogger_meetup.html,United States,News
Meetup,11/07/11,https://www.cnn.com/2011/11/07/tech/web/meetup-2012-campaign-sifry/index.html,United States,News
Hulu,,https://www.rockthevote.org/hulu/,United States,Product
Meta,01/04/08,https://about.fb.com/news/2008/01/announcement-facebookabc-news-election-08/,United States,Marketing Material
Meta,08/01/12,https://about.fb.com/news/2012/08/with-100-days-until-election-tips-for-campaigns/,United States,Blog
Meta,08/22/12,https://about.fb.com/news/2012/08/facebook-cnn-announce-im-voting-app/,United States,Product
Meta,08/27/12,https://about.fb.com/news/2012/08/facebook-cnn-unveil-real-time-election-insights/,United States,Marketing Material
Meta,11/06/12,https://about.fb.com/news/2012/11/election-day-2012-on-facebook/,United States,Product
Meta,11/08/12,https://about.fb.com/news/2012/11/2012-election-activity-on-facebook/,United States,Blog
Meta,11/04/14,https://about.fb.com/news/2014/11/election-day-2014-on-facebook/,United States,Product
Meta,10/28/16,https://about.fb.com/news/2016/10/preparing-for-the-us-election-2016/,United States,Marketing Material
Meta,10/27/17,https://about.fb.com/news/2017/10/update-on-our-advertising-transparency-and-authenticity-efforts/,Canada,Blog
Meta,03/29/18,https://about.fb.com/news/2018/03/hard-questions-election-security/,United States,Blog
Meta,04/09/18,https://about.fb.com/news/2018/04/new-elections-initiative/,Not Specified,Marketing Material
Meta,05/17/18,https://about.fb.com/news/2018/05/announcing-new-election-partnership-with-the-atlantic-council/,Not Specified,Marketing Material
Meta,05/24/18,https://about.fb.com/news/2018/05/ads-with-political-content/,United States,Blog
Meta,05/24/18,https://about.fb.com/news/2018/05/q-and-a-on-ads-transparency/,United States,Marketing Material
Meta,06/07/18,https://about.fb.com/news/2018/06/protecting-the-mexican-election/,Mexico,Blog
Meta,07/24/18,https://about.fb.com/news/2018/07/qa-on-election-intergrity/,Not Specified,Marketing Material
Meta,09/17/18,https://about.fb.com/news/2018/09/security-political-campaigns/,United States,Blog
Meta,09/18/18,https://about.instagram.com/blog/announcements/instagram-helps-users-register-to-vote/,United States,Marketing Material
Meta,09/19/18,https://about.fb.com/news/2018/09/us-brazil-elections/,United States,Blog
Meta,10/15/18,https://about.fb.com/news/2018/10/voter-suppression-policies/,Not Specified,Marketing Material
Meta,10/18/18,https://about.fb.com/news/2018/10/war-room/,United States,Blog
Meta,10/25/18,https://about.fb.com/news/2018/10/candidate-info/,United States,Marketing Material
Meta,11/05/18,https://about.fb.com/news/2018/11/election-update/,United States,Blog
Meta,12/06/18,https://about.fb.com/news/2018/12/ad-transparency-in-india/,India,Marketing Material
Meta,12/18/18,https://about.fb.com/news/2018/12/civil-rights-audit/,United States,Marketing Material
Meta,01/08/19,https://about.fb.com/fr/news/2019/01/les-changements-que-nous-avons-apportes-aux-publicites-en-2018/,France,Marketing Material
Meta,01/28/19,https://about.fb.com/news/2019/01/elections-2019/,Not Specified,Marketing Material
Meta,01/28/19,https://about.fb.com/news/2019/01/european-parliament-elections/,EU,Marketing Material
Meta,01/28/19,https://about.fb.com/fr/news/2019/01/renforcement-de-nos-efforts-pour-garantir-lintegrite-des-elections-en-2019/,France,Marketing Material
Meta,01/30/19,https://about.fb.com/news/2019/01/working-to-safeguard-elections-in-thailand/,Thailand,Marketing Material
Meta,02/04/19,https://about.fb.com/news/2019/02/addressing-challenges/,United States,Marketing Material
Meta,02/12/19,https://about.fb.com/news/2019/02/preparing-for-african-elections/,Nigeria,Marketing Material
Meta,02/12/19,https://about.fb.com/news/2019/02/preparing-for-african-elections/,Kenya,Marketing Material
Meta,02/12/19,https://about.fb.com/news/2019/02/preparing-for-african-elections/,Cameroon,Marketing Material
Meta,02/12/19,https://about.fb.com/news/2019/02/preparing-for-african-elections/,Senegal,Marketing Material
Meta,02/12/19,https://about.fb.com/news/2019/02/preparing-for-african-elections/,South Africa,Marketing Material
Meta,03/04/19,https://about.fb.com/news/2019/03/elections-in-indonesia/,Indonesia,Marketing Material
Meta,03/28/19,https://about.fb.com/news/2019/03/ads-transparency-in-the-eu/,EU,Blog
Meta,03/29/19,https://about.fb.com/fr/news/2019/03/la-protection-des-elections-dans-lue/,EU,Marketing Material
Meta,04/04/19,https://about.fb.com/news/2019/04/safeguard-elections-in-australia/,Australia,Marketing Material
Meta,04/08/19,https://about.fb.com/news/2019/04/preparing-for-indian-elections/,India,Marketing Material
Meta,04/25/19,https://about.fb.com/news/2019/04/protecting-eu-elections-from-misinformation/,EU,Marketing Material
Meta,04/26/19,https://about.fb.com/news/2019/04/eu-elections-press-call/,EU,Blog
Meta,06/30/19,https://about.fb.com/news/2019/06/second-update-civil-rights-audit/,United States,Marketing Material
Meta,06/30/19,https://about.fb.com/wp-content/uploads/2019/06/civilrightaudit_final.pdf,United States,Product
Meta,08/28/19,https://about.fb.com/news/2019/08/updates-to-ads-about-social-issues-elections-or-politics-in-the-us/,United States,Blog Post
Meta,09/24/19,https://about.fb.com/news/2019/09/elections-and-political-speech/,Not Specified,Blog
Meta,10/21/19,https://about.fb.com/news/2019/10/update-on-election-integrity-efforts/,United States,Marketing Material
Meta,11/07/19,https://about.fb.com/news/2019/11/how-facebook-is-prepared-for-the-2019-uk-general-election/,United Kingdom,Marketing Material
Meta,01/28/20,https://about.fb.com/fr/news/2020/01/elections-municipales-des-15-et-22-mars-2020-comment-facebook-travaille-pour-promouvoir-la-participation-citoyenne-et-securiser-lintegrite-des-elections/,France,Marketing Material
Meta,06/11/20,https://about.fb.com/news/2020/06/response-to-biden-campaign/,United States,Blog
Meta,06/16/20,https://about.fb.com/news/2020/06/voting-information-center/,United States,Marketing Material
Meta,06/17/20,https://about.fb.com/wp-content/uploads/2020/06/June-17th-Transcript.pdf,United States,
Meta,06/26/20,https://about.fb.com/news/2020/06/meeting-unique-elections-challenges/,United States,Marketing Material
Meta,08/13/20,https://about.fb.com/news/2020/08/launching-voting-information-center/,United States,Marketing Material
Meta,08/31/20,https://about.fb.com/news/2020/08/research-impact-of-facebook-and-instagram-on-us-election/,United States,Marketing Material
Meta,08/31/20,https://about.fb.com/news/2020/08/preparing-for-myanmars-2020-election/,Myanmar,Marketing Material
Meta,09/03/20,https://about.fb.com/news/2020/09/additional-steps-to-protect-the-us-elections/,United States,Marketing Material
Meta,09/21/20,https://about.fb.com/news/2020/09/national-voter-registration-day/,United States,Marketing Material
Meta,09/23/20,https://about.fb.com/news/2020/09/additional-steps-to-protect-myanmars-2020-election/,Myanmar,Marketing Material
Meta,09/29/20,https://about.fb.com/news/2020/09/poll-worker-recruitment/,United States,Marketing Material
Meta,10/01/20,https://about.fb.com/br/news/2020/10/como-nos-preparamos-para-as-eleicoes-municipais-no-brasil-em-2020/,Brazil,Marketing Material
Meta,10/07/20,https://about.fb.com/news/2020/10/preparing-for-election-day/,United States,Marketing Material
Meta,10/07/20,https://about.fb.com/wp-content/uploads/2020/10/October-7-2020-Press-Call-Transcript.pdf,United States,
Meta,10/09/20,https://about.fb.com/news/2020/10/the-next-web-preparing-for-elections-regulation-innovation/,United States,Marketing Material
Meta,10/22/20,https://about.fb.com/news/2020/10/supporting-elections-across-africa/,Ethiopia,Marketing Material
Meta,10/22/20,https://about.fb.com/news/2020/10/supporting-elections-across-africa/,Ghana,Marketing Material
Meta,10/22/20,https://about.fb.com/news/2020/10/supporting-elections-across-africa/,Ivory Coast,Marketing Material
Meta,10/27/20,https://about.fb.com/news/2020/10/removing-coordinated-inauthentic-behavior-mexico-iran-myanmar/,Myanmar,Marketing Material
Meta,10/27/20,https://about.fb.com/news/2020/10/removing-coordinated-inauthentic-behavior-mexico-iran-myanmar/,United States,Marketing Material
Meta,11/23/20,https://about.fb.com/br/news/2020/11/facebook-remove-mais-de-140-mil-conteudos-no-brasil-por-violar-politicas-de-interferencia-eleitoral-no-periodo-de-campanha/,Brazil,Marketing Material
Meta,12/01/20,https://about.fb.com/wp-content/uploads/2020/12/US-2020-Elections-Report.pdf,United States,Product
Meta,12/15/20,https://about.fb.com/news/2020/12/update-on-the-georgia-runoff-elections/,United States,Blog
Meta,01/25/21,https://about.fb.com/news/2021/01/increasing-transparency-around-us-2020-elections-ads/,United States,Marketing Material
Meta,03/12/21,https://www.facebook.com/notes/10158056589756795/,United States,
Meta,03/13/21,https://www.facebook.com/notes/737729700291613/,Not Specified,
Meta,03/30/21,https://about.fb.com/news/2021/03/steps-to-protect-elections-india/,India,Marketing Material
Meta,06/10/21,https://about.fb.com/news/2021/06/how-facebook-is-preparing-for-ethiopias-2021-general-election/,Ethiopia,Marketing Material
Meta,10/22/21,https://about.fb.com/news/2021/10/protecting-us-2020-elections-inauguration-day/,United States,Marketing Material
Meta,10/26/21,https://about.fb.com/br/news/2021/10/rotulos-eleicoes-no-brasil/,Brazil,Marketing Material
Meta,12/02/21,https://about.fb.com/fr/news/2021/12/meta-france-publie-son-guide-des-conseils-de-securite-sur-facebook-et-instagram-pour-les-femmes-en-politique-en-partenariat-avec-le-reseau-elues-locales/,France,Blog
Meta,01/11/22,https://about.fb.com/fr/news/2022/01/lassociation-a-vote-en-partenariat-avec-meta-france-ouest-france-et-20-minutes-lance-le-premier-chatbot-sur-whatsapp-en-france-pour-encourager-la-participation-electorale/,France,Marketing Material
Meta,02/01/22,https://about.fb.com/fr/news/2022/02/election-presidentielle-2022-instagram-konbini-et-smile-conseil-sengagent-pour-encourager-les-jeunes-a-voter/,France,Marketing Material
Meta,02/09/22,https://transparency.fb.com/features/approach-to-elections/,Not Specified,Marketing Material
Meta,02/10/22,https://about.fb.com/news/2022/02/how-meta-is-prepared-to-protect-the-upcoming-state-elections-in-india/,India,Marketing Material
Meta,02/16/22,https://about.fb.com/fr/news/2022/02/comment-meta-se-prepare-aux-elections-francaises-de-2022/,France,Marketing Material
Meta,02/16/22,https://about.fb.com/fr/news/2022/02/elections-francaises-2022-une-serie-dinitiatives-dediees-sur-facebook-instagram-et-whatsapp-pour-aider-les-citoyens-a-lire-et-a-decrypter-linformation-en-ligne/,France,Blog
Meta,03/27/22,https://about.fb.com/news/2022/03/update-on-our-efforts-towards-free-and-fair-elections-in-india/,India,Marketing Material
Meta,04/06/22,https://about.fb.com/news/2022/04/philippines-2022-general-election/,Philippines,Blog Post
Meta,04/22/22,https://about.fb.com/news/2022/04/what-the-research-on-social-medias-impact-on-democracy-and-daily-life-says-and-doesnt-say/,United States,Blog
Meta,05/23/22,https://www.facebook.com/business/news/transparency-social-issue-electoral-political-ads,Not Specified,Blog
Meta,06/02/22,https://about.fb.com/fr/news/2022/06/elections-legislatives-des-12-et-19-juin-2022-le-gouvernement-long-a-vote-et-meta-france-unissent-leurs-forces-pour-mobiliser-les-electeurs/,France,Blog
Meta,,https://faq.whatsapp.com/general/security-and-privacy/about-whatsapp-and-elections/,Not Specified,Help Center
Meta,,https://www.whatsapp.com/research/awards/announcement/,Global,Blog
Meta,,https://faq.whatsapp.com/general/safety-in-india/?lang=en,India,Terms and Policies
Meta,,https://www.facebook.com/business/m/election-integrity,Not Specified,Blog
Meta,,https://www.facebook.com/business/m/what-matters,United States,Marketing Material
Meta,,https://about.facebook.com/actions/preparing-for-elections-on-facebook/,United States,Blog
Meta,,https://www.facebook.com/business/help/313752069181919,Not Specified,Help Center
Meta,,https://www.facebook.com/business/help/167836590566506?id=288762101909005,Not Specified,Help Center
Meta,,https://www.facebook.com/business/help/issuesandpolitics,Not Specified,Help Center
Meta,,https://www.facebook.com/business/help/253606115684173,Germany,Help Center
Meta,,https://www.facebook.com/business/help/253606115684173,France,Help Center
Meta,,https://www.facebook.com/business/help/253606115684173,United States,Help Center
Meta,,https://www.facebook.com/business/help/736091520909332,Not Specified,Help Center
Meta,,https://www.facebook.com/business/help/208949576550051?id=288762101909005,Not Specified,Help Center
Meta,,https://help.instagram.com/118613625676963,Not Specified,Help Center
Meta,,https://help.instagram.com/1043209829407901/,Not Specified,Help Center
Meta,,https://www.facebook.com/help/180607332665293,Not Specified,Help Center
Meta,,https://www.facebook.com/help/595432167810439/,Not Specified,Help Center
Meta,,https://www.facebook.com/help/3351172534951002,Not Specified,Help Center
Meta,,https://www.facebook.com/help/299618223782909/,United States,Help Center
Meta,,https://www.facebook.com/help/1519550028302405/,United States,Help Center
Meta,,https://www.facebook.com/help/894990254355703/,United States,Help Center
Meta,,https://www.facebook.com/votinginformationcenter/,United States,Product
Meta,,https://www.facebook.com/help/278545442575921/,United States,Help Center
Meta,,https://www.facebook.com/help/1628451977188836/,United States,Product
Meta,,https://www.facebook.com/help/2020372058247183/,Not Specified,Help Center
Meta,,https://www.facebook.com/help/157047021494292/,Not Specified,Help Center
Meta,,https://about.fb.com/wp-content/uploads/2020/06/Elections-Fact-Sheet.pdf,United States,Marketing Material
Meta,,https://about.fb.com/wp-content/uploads/2020/06/Elections-Improvements-Timeline.pdf,United States,Marketing Material
Meta,,https://apps.crowdtangle.com/pgpublicldsfb/boards/2020uspresidentialcandidates,United States,Product
Meta,,https://www.facebook.com/policies/ads/restricted_content/political,Not Specified,Terms and Policies
Meta,,https://www.facebook.com/townhall,Not Specified,Product
Meta,,https://about.fb.com/wp-content/uploads/2020/10/Steps-Weve-Taken-to-Help-Protect-Elections.pdf,United States,Marketing Material
Meta,,https://about.fb.com/wp-content/uploads/2020/10/Facebooks-Policies-for-Elections-and-Voting.pdf,United States,Marketing Material
Meta,,https://about.fb.com/wp-content/uploads/2021/09/FB_Integrity-Timeline.pdf,Global,Marketing Material
Meta,,https://about.fb.com/wp-content/uploads/2018/12/Civil-Rights-Audit-Update-1.pdf,United States,Marketing Material
Meta,,https://scontent-mia3-1.xx.fbcdn.net/v/t39.8562-6/161983912_3722038201247705_6469333522919503736_n.pdf?_nc_cat=104&ccb=1-5&_nc_sid=ad8a9d&_nc_ohc=HS5yksqInT4AX8D4dJC&_nc_ht=scontent-mia3-1.xx&oh=00_AT-QdFOmRbD9uN9N4Te-H7KJmza_g6A0sDm5GmlLlwpXGw&oe=62563EE3,United States,
Meta,,https://scontent-mia3-2.xx.fbcdn.net/v/t39.8562-6/160452880_281276046888989_8604244197399447107_n.pdf?_nc_cat=107&ccb=1-5&_nc_sid=ad8a9d&_nc_ohc=Z3ca1RDUBO8AX8C-aRW&_nc_oc=AQld5QAoxiCRaFwjB6nexcy8sd0o6PkK1gwNA4ZA9ik5gFDkHo-A6JP_Xal6LSKiQ1s&_nc_ht=scontent-mia3-2.xx&oh=00_AT_vMv0zTxUEJTqxmWTJKTpZgw1sxda58RSEguHyN1xy-w&oe=62575FFB,Not Specified,
Meta,07/11/22,https://about.fb.com/br/wp-content/uploads/sites/11/2022/07/Meta-One-Pager-Eleicoes-Brasil-2022.pdf,Brazil,Marketing Material
Meta,07/22/22,https://about.fb.com/news/2022/07/how-metas-preparing-for-kenyas-2022-general-election/,Kenya,Marketing Material
Meta,05/19/22,https://about.fb.com/br/news/2022/05/anuncios-sobre-temas-sociais-terao-camada-de-transparencia-nas-plataformas-da-meta-no-brasil/,Brazil,Marketing Material
MySpace,09/29/06,https://www.theguardian.com/news/blog/2006/sep/29/post216,United States,Blog
MySpace,10/25/06,https://www.gainesville.com/story/news/2006/10/25/facebook-myspace-help-bring-politics-young-people-together/31500395007/,United States,News
MySpace,07/27/10,https://www.govtech.com/archive/myspace-launches-voter-registration-campaign.html,United States,News
MySpace,10/14/06,https://www.wsj.com/articles/SB116078551947392672,United States,News
MySpace,03/18/07,https://www.nytimes.com/2007/03/18/fashion/18myspace.html,United States,News
MySpace,03/18/07,https://www.nbcnews.com/id/wbna17677454,United States,News
MySpace,03/19/07,https://www.networkworld.com/article/2296671/myspace-politics-site--large-potential-audience.html,United States,News
MySpace,03/19/07,https://nypost.com/2007/03/19/myspace-nudges-users-into-politics/,United States,News
MySpace,03/19/07,https://www.news24.com/news24/myspace-goes-political-20070318,United States,News
MySpace,04/16/07,https://www.theguardian.com/technology/2007/apr/16/news.g2,United States,News
MySpace,04/24/07,https://variety.com/2007/tv/news/burnett-myspace-get-political-1117963735/,United States,News
MySpace,05/04/07,https://www.theguardian.com/technology/2007/may/04/news.newmedia,United States,News
MySpace,05/28/07,https://www.ft.com/content/5c8538de-0d5d-11dc-937a-000b5df10621,United States,News
MySpace,08/25/07,https://www.latimes.com/opinion/la-ed-debates25aug25-story.html,United States,News
MySpace,10/04/07,https://www.reuters.com/article/us-myspace-politics/myspace-paypal-let-candidates-fund-raise-online-idUSN0432660320071004,United States,News
MySpace,12/12/07,https://www.cnet.com/culture/myspace-touts-early-success-with-political-polling-initiative/,United States,Polling
MySpace,01/03/08,https://www.chicagotribune.com/chinews-mtblog-2008-01-the_myspace_election_obama_vs-story.html,United States,News
MySpace,01/03/08,https://www.politico.com/story/2008/01/myspace-in-the-sun-007700,United States,News
MySpace,07/01/08,https://www.rockthevote.org/rock-the-vote-and-myspace-070108/,United States,News
MySpace,08/06/08,https://www.debates.org/2008/08/06/commission-on-presidential-debates-announces-internet-educational-partnership-with-myspace/,United States,News
MySpace,08/08/08,https://www.seventeen.com/life/a2338/presidential-debates-hit-myspace/,United States,News
MySpace,08/21/08,https://www.theledger.com/story/news/2008/08/21/candidates-myspace-page-may-have-violated-rules/25945774007/,United States,News
MySpace,09/17/08,https://arstechnica.netblogpro.com/uncategorized/2008/09/myspace-to-get-kids-talking-politics-with-mydebates-org/,United States,News
MySpace,11/29/08,https://www.huffpost.com/entry/the-myspace-election-and_b_139049,United States,News
MySpace,11/01/09,https://www.voanews.com/a/a-13-2008-01-22-voa30/343897.html,United States,News
MySpace,04/21/22,https://screenrant.com/barack-obama-social-media-disinformation-speech-facebook-myspace/,United States,News
MySpace,03/19/07,https://www.wthr.com/article/news/local/presidential-hopefuls-make-myspace-pages/531-ae52094c-7134-447c-8956-08543468bff3,United States,News
NextDoor,11/02/16,https://blog.nextdoor.com/2016/11/02/get-out-the-vote-introducing-the-nextdoor-vote-map/,Not Specified,Marketing Material
NextDoor,11/11/19,https://blog.nextdoor.com/2019/11/11/why-we-dont-allow-political-advertising-on-nextdoor/,Not Specified,Blog
NextDoor,01/27/20,https://business.nextdoor.com/en-gb/enterprise/blog/you-wont-find-political-ads-on-nextdoor,Not Specified,Blog
NextDoor,08/18/20,https://blog.nextdoor.com/2020/08/18/discussing-national-politics-on-nextdoor/,Not Specified,Blog
NextDoor,,https://help.nextdoor.com/s/article/FAQ-Elections-and-politics-on-Nextdoor?language=en_US,United States,Help Center
NextDoor,,https://help.nextdoor.com/s/article/Be-helpful-in-conversations?language=en_US,Not Specified,Help Center
NextDoor,,https://help.nextdoor.com/s/article/Moderating-Political-Posts-Toolkit?language=en_US,Not Specified,Help Center
NextDoor,,https://help.nextdoor.com/s/article/Nextdoor-s-misinformation-policy?language=en_US,Not Specified,Help Center
Pandora,09/27/16,https://blog.pandora.com/us/its-national-voter-registration-day-make-sure-youre-registered-with-pandora-and-headcount-org/,United States,Blog
Pandora,05/04/20,https://policy.pandora.com/siriusxm-and-pandora-partner-with-national-voter-registration-day-on-september-22/,United States,Blog
Pandora,09/22/20,https://policy.pandora.com/celebrate-national-voter-registration-day-with-siriusxm-pandora/,United States,Marketing Material
Pinterest,,https://policy.pinterest.com/en/transparency-report,Global,Terms and Policies
Pinterest,01/29/20,https://www.washingtonpost.com/news/powerpost/paloma/the-technology-202/2020/01/29/the-technology-202-pinterest-bans-misinformation-about-voting-and-the-census/5e307ba288e0fa6ea99d60fc/,United States,Terms and Policies
Reddit,09/19/19,https://www.reddit.com/r/redditsecurity/comments/d6l41l/an_update_on_content_manipulation_and_an_upcoming/,Not Specified,Marketing Material
Reddit,04/13/20,https://www.reddit.com/r/announcements/comments/g0s6tn/changes_to_reddits_political_ads_policy/,United States,Marketing Material
Reddit,04/13/20,https://www.reddit.com/r/RedditPoliticalAds/comments/g0s3co/political_ads_transparency_on_reddit/,United States,Product
Reddit,07/29/20,https://www.redditinc.com/blog/up-the-vote-reddits-irl-2020-voting-campaign/,United States,Marketing Material
Reddit,09/09/20,https://www.reddit.com/r/announcements/comments/ipitt0/today_were_testing_a_new_way_to_discuss_political/,United States,Marketing Material
Reddit,10/08/20,https://www.reddit.com/r/redditsecurity/comments/j7m28f/reddit_security_report_oct_8_2020/,Not Specified,Marketing Material
Reddit,02/16/21,https://www.reddit.com/r/redditsecurity/comments/ll758a/2020_overview_reddit_security_and_transparency/,United States,Marketing Material
Reddit,,https://advertising.reddithelp.com/en/categories/reddit-advertising-policy/reddit-advertising-policy-restricted-advertisements#N4,United States,Terms and Policies
Roblox,03/15/22,https://en.help.roblox.com/hc/en-us/articles/203313410-Roblox-Community-Standards,Global,Terms and Policies
Second Life,09/08/06,https://www.engadget.com/2006-09-08-the-political-game-the-virtual-candidate.html,United States,News
Second Life,03/21/07,https://archive.nytimes.com/thecaucus.blogs.nytimes.com/2007/03/31/obama-is-first-in-their-second-life/,United States,News
Second Life,04/29/07,https://www.inquirer.com/philly/business/20070429_Campaigns_travel_on_Web__too.html,United States,News
Shopify,01/08/21,https://www.business-humanrights.org/my/%E1%80%9E%E1%80%90%E1%80%84/shopify-closes-trump-stores-on-its-platform/,Global,Terms and Policies
SnapChat,09/25/18,https://newsroom.snap.com/register-to-vote,United States,Product
SnapChat,05/15/19,https://www.snap.com/en-US/ad-policies/political,United States,Terms and Policies
SnapChat,10/05/21,https://newsroom.snap.com/run-for-office/,United States,Marketing Material
SnapChat,,https://businesshelp.snapchat.com/s/article/political-ads-library?language=en_US,Not Specified,Help Center
SnapChat,,https://www.snap.com/en-US/ad-policies#prohibited-content,Canada,Terms and Policies
SnapChat,,https://www.snap.com/en-US/political-ads,Not Specified,Product
SnapChat,,https://story.snapchat.com/p/05c9f464-3f69-454f-b16b-dbb78a40dc96/347652351827968,France,Product
SnapChat,,https://www.snapchat.com/vote,Not Specified,Product
SnapChat,,https://lens.snapchat.com/c38983567b0b4f7fb9387b4081ea0e8e,United States,Product
SnapChat,,https://businesshelp.snapchat.com/s/article/political-issue-ad-guidelines?language=en_US,United States,Help Center
Spotify,05/23/22,https://www.protocol.com/bulletins/spotify-political-ads,United States,News
TikTok,08/05/20,https://newsroom.tiktok.com/en-us/combating-misinformation-and-election-interference-on-tiktok,United States,Marketing Material
TikTok,09/29/20,https://newsroom.tiktok.com/en-us/tiktok-launches-in-app-guide-to-the-2020-us-elections,United States,Marketing Material
TikTok,10/01/20,https://newsroom.tiktok.com/en-au/tiktok-partners-with-Fact checking-experts-to-combat-misinformation,Not Specified,Marketing Material
TikTok,10/07/20,https://newsroom.tiktok.com/en-us/increasing-transparency-into-our-elections-integrity-efforts,United States,Marketing Material
TikTok,10/28/20,https://newsroom.tiktok.com/en-us/supporting-our-community-on-election-day-and-beyond,United States,Marketing Material
TikTok,02/24/21,https://newsroom.tiktok.com/en-us/tiktoks-h-2-2020-transparency-report,United States,Marketing Material
TikTok,03/25/22,https://newsroom.tiktok.com/en-au/tiktok-launches-2022-federal-election-guide-with-the-australian-electoral-commission,Australia,Marketing Material
TikTok,06/28/22,https://newsroom.tiktok.com/en-au/2022-australian-federal-election-insights,Australia,Marketing Material
TikTok,06/27/22,https://newsroom.tiktok.com/en-us/strengthening-our-commitment-to-transparency,Global,Marketing Material
TikTok,,https://www.tiktok.com/safety/en/election-integrity/,United States,Blog
TikTok,,https://activity.tiktok.com/magic/eco/runtime/release/6204e22ded5e8903247b93b3,Philippines,Product
Twitch,07/14/16,https://blog.twitch.tv/en/2016/07/14/watch-the-republican-and-democratic-national-conventions-on-twitch-a2694b8f2d64/,United States,Marketing Material
Twitch,09/25/17,https://blog.twitch.tv/en/2017/09/25/sign-up-to-vote-on-national-voter-registration-day-d42dbc201e6a/,United States,Marketing Material
Twitch,09/28/20,https://blog.twitch.tv/en/2020/09/28/play-your-part-with-the-gamers-vote-extension-on-twitch/,United States,Marketing Material
Twitch,11/01/20,https://blog.twitch.tv/en/2020/11/01/install-votebot2020-today-and-help-get-out-the-vote/,United States,Marketing Material
Twitter,12/12/19,https://blog.twitter.com/en_us/topics/company/2019/helping-identify-2020-us-election-candidates-on-twitter,United States,Marketing Material
Twitter,01/06/20,https://blog.twitter.com/en_us/topics/company/2020/An-update-of-our-work-around-Taiwan2020,Taiwan,Marketing Material
Twitter,04/27/20,https://blog.twitter.com/en_us/topics/company/2020/korean-election-2020,South Korea,Marketing Material
Twitter,07/03/20,https://blog.twitter.com/en_sea/topics/company/2020/singapore-election-2020,Singapore,Marketing Material
Twitter,07/27/20,https://blog.twitter.com/en_sea/topics/company/2020/singapore-election-2020-lookback,Singapore,Marketing Material
Twitter,09/10/20,https://blog.twitter.com/en_us/topics/company/2020/civic-integrity-policy-update,Not Specified,Marketing Material
Twitter,09/15/20,https://blog.twitter.com/en_us/topics/company/2020/2020-election-news,United States,Marketing Material
Twitter,09/17/20,https://blog.twitter.com/en_us/topics/company/2020/Improved-Account-Security-2020-US-Election,United States,Marketing Material
Twitter,09/22/20,https://blog.twitter.com/en_us/topics/company/2020/empowering-US-voters,United States,Marketing Material
Twitter,10/09/20,https://blog.twitter.com/en_us/topics/company/2020/2020-election-changes,United States,Marketing Material
Twitter,10/13/20,https://blog.twitter.com/en_us/topics/company/2020/nz-election-2020,New Zealand,Marketing Material
Twitter,10/22/20,https://blog.twitter.com/en_us/topics/company/2020/vote-early,United States,Marketing Material
Twitter,10/28/20,https://blog.twitter.com/en_us/topics/company/2020/nz-election-2020-wrap-up,New Zealand,Marketing Material
Twitter,11/12/20,https://blog.twitter.com/en_us/topics/company/2020/2020-election-update,United States,Marketing Material
Twitter,01/12/21,https://blog.twitter.com/en_us/topics/company/2021/protecting--the-conversation-following-the-riots-in-washington--,United States,Blog
Twitter,01/14/21,https://blog.twitter.com/en_us/topics/company/2021/inauguration-2021,United States,Blog
Twitter,07/14/21,https://blog.twitter.com/en_us/topics/company/2021/an-update-to-the-twitter-transparency-center,United States,Blog
Twitter,02/15/22,https://www.tse.jus.br/imprensa/noticias-tse/2022/Fevereiro/eleicoes-2022-tse-e-twitter-firmam-parceria-para-combate-a-desinformacao,Brazil,news
Twitter,04/04/22,https://blog.twitter.com/pt_br/topics/company/2022/mais-iniciativas-para-proteger-a-conversa-sobre-eleicoes,Brazil,Marketing Material
Twitter,04/19/22,https://blog.twitter.com/en_au/topics/company/2022/-democracysausage-conversations-light-up-the-start-of--ausvotes2,Australia,Blog
Twitter,05/17/22,https://blog.twitter.com/en_au/topics/company/2022/campaigning-on-twitter-during-the-2022-australian-federal-electi,Australia,Blog
Twitter,06/02/22,https://blog.twitter.com/en_au/topics/company/2022/the-most-talked-about-aussie-politicians-during--ausvotes22,Australia,Blog
Twitter,01/08/21,https://blog.twitter.com/en_us/topics/company/2020/suspension,United States,Blog
Twitter,,https://about.twitter.com/en/our-priorities/civic-integrity,Not Specified,Marketing Material
Twitter,,https://business.twitter.com/en/help/ads-policies/ads-content-policies/political-content.html,Not Specified,Terms and Policies
Twitter,,https://business.twitter.com/en/help/ads-policies/ads-content-policies/political-content/faqs.html,Not Specified,Terms and Policies
Twitter,,https://help.twitter.com/pt/using-twitter/brazil-elections,Brazil,Blog
Twitter,,https://business.twitter.com/pt/help/ads-policies/ads-content-policies/political-content.html,Not Specified,Terms and Policies
Twitter,,https://business.twitter.com/pt/help/ads-policies/ads-content-policies/political-content/news-exemption.html,Not Specified,Terms and Policies
Twitter,,https://business.twitter.com/en/help/ads-policies/ads-content-policies/political-content/faqs.html,Not Specified,Terms and Policies
Twitter,,https://help.twitter.com/pt/rules-and-policies/election-integrity-policy,Not Specified,Terms and Policies
Twitter,,https://help.twitter.com/en/rules-and-policies/election-integrity-policy,Not Specified,Terms and Policies
Vimeo,10/03/16,https://vimeo.com/blog/post/voting-do-it/,United States,Blog
Vimeo,09/08/20,https://vimeo.com/455856456,United States,Marketing Material
Vimeo,09/15/20,https://vimeo.com/blog/post/get-out-the-vote-vimeo/,United States,Marketing Material
Vimeo,01/11/21,https://vimeo.com/blog/post/statement-on-videos-promoting-election-disinformation-and-inciting-violence/,United States,Blog
Vimeo,06/02/22,https://vimeo.com/help/guidelines,United States,Terms and Policies
Vimeo,,https://vimeo.com/vote,United States,Product
World of Warcraft,12/28/07,https://www.ocregister.com/2007/12/28/real-world-politics-march-in-world-of-warcraft/,United States,News